proImg,proTxt,proFileImg,imgTxt
../../img/prophotographer/domestic/list_choijihye.jpg,Sige,../../img/prophotographer/domestic/pro_choijihye.png,"Lorem ipsum dolor sit amet consectetur adipisicing elit. Culpa, error."
../../img/prophotographer/domestic/list_hokeunkim.jpg,Willeon Grardaye,../../img/prophotographer/domestic/pro_hokeunkim.png,"Lorem ipsum dolor sit amet consectetur adipisicing elit. Culpa, error."
../../img/prophotographer/domestic/list_janghaena.jpg,Gyles Elnnys,../../img/prophotographer/domestic/pro_janghaena.png,"Lorem ipsum dolor sit amet consectetur adipisicing elit. Culpa, error."
../../img/prophotographer/domestic/list_jangwon.jpg,Ichol,../../img/prophotographer/domestic/pro_jangwon.png,"Lorem ipsum dolor sit amet consectetur adipisicing elit. Culpa, error."
../../img/prophotographer/domestic/list_jinifoto.jpg,Glothher,../../img/prophotographer/domestic/pro_jinifoto.png,"Lorem ipsum dolor sit amet consectetur adipisicing elit. Culpa, error."
../../img/prophotographer/domestic/list_jisupan.jpg,Stephye,../../img/prophotographer/domestic/pro_jisupan.png,"Lorem ipsum dolor sit amet consectetur adipisicing elit. Culpa, error."
../../img/prophotographer/domestic/list_jk.jpg,Aerehrt,../../img/prophotographer/domestic/pro_jk.png,"Lorem ipsum dolor sit amet consectetur adipisicing elit. Culpa, error."
../../img/prophotographer/domestic/list_jungkisoo.jpg,Gauwis,../../img/prophotographer/domestic/pro_jungkisoo.png,"Lorem ipsum dolor sit amet consectetur adipisicing elit. Culpa, error."
../../img/prophotographer/domestic/list_junokim.jpg,Edic,../../img/prophotographer/domestic/pro_junokim.png,"Lorem ipsum dolor sit amet consectetur adipisicing elit. Culpa, error."
../../img/prophotographer/domestic/list_kangminbeom.jpg,Symes Byne,../../img/prophotographer/domestic/pro_kangminbeom.png,"Lorem ipsum dolor sit amet consectetur adipisicing elit. Culpa, error."
../../img/prophotographer/domestic/list_kimkyoungjin.jpg,Warder Masell,../../img/prophotographer/domestic/pro_KimHyunsoo.png,"Lorem ipsum dolor sit amet consectetur adipisicing elit. Culpa, error."
../../img/prophotographer/domestic/list_kimtaeeun.jpg,Aelfweald,../../img/prophotographer/domestic/pro_kimkyoungjin.png,"Lorem ipsum dolor sit amet consectetur adipisicing elit. Culpa, error."
../../img/prophotographer/domestic/list_kimyong.jpg,Aerert,../../img/prophotographer/domestic/pro_kimtaeeun.png,"Lorem ipsum dolor sit amet consectetur adipisicing elit. Culpa, error."
../../img/prophotographer/domestic/list_kimyoungcheol.jpg,Wine,../../img/prophotographer/domestic/pro_kimyong.png,"Lorem ipsum dolor sit amet consectetur adipisicing elit. Culpa, error."
../../img/prophotographer/domestic/list_KwonOChul.jpg,Here,../../img/prophotographer/domestic/pro_kimyoungcheol.png,"Lorem ipsum dolor sit amet consectetur adipisicing elit. Culpa, error."
../../img/prophotographer/domestic/list_leebongjoo.jpg,Narder Pary,../../img/prophotographer/domestic/pro_KwonOChul.png,"Lorem ipsum dolor sit amet consectetur adipisicing elit. Culpa, error."
../../img/prophotographer/domestic/list_leegyeongryeol.jpg,Cyne,../../img/prophotographer/domestic/pro_leebongjoo.png,"Lorem ipsum dolor sit amet consectetur adipisicing elit. Culpa, error."
../../img/prophotographer/domestic/list_leejaehyuk.jpg,Aerer,../../img/prophotographer/domestic/pro_leegyeongryeol.png,"Lorem ipsum dolor sit amet consectetur adipisicing elit. Culpa, error."
../../img/prophotographer/domestic/list_leejaein.jpg,Warder Rydaye,../../img/prophotographer/domestic/pro_leejaehyuk.png,"Lorem ipsum dolor sit amet consectetur adipisicing elit. Culpa, error."
../../img/prophotographer/domestic/list_leemyungjae.jpg,Gylex,../../img/prophotographer/domestic/pro_leejaein.png,"Lorem ipsum dolor sit amet consectetur adipisicing elit. Culpa, error."
../../img/prophotographer/domestic/list_mokenajung.jpg,Bertio,../../img/prophotographer/domestic/pro_leemyungjae.png,"Lorem ipsum dolor sit amet consectetur adipisicing elit. Culpa, error."
../../img/prophotographer/domestic/list_parkheungsoon.jpg,Eanrert,../../img/prophotographer/domestic/pro_mokenajung2.png,"Lorem ipsum dolor sit amet consectetur adipisicing elit. Culpa, error."
../../img/prophotographer/domestic/list_parkinsu.jpg,Beorhtio,../../img/prophotographer/domestic/pro_parkheungsoon.png,"Lorem ipsum dolor sit amet consectetur adipisicing elit. Culpa, error."
../../img/prophotographer/domestic/list_seokyonglee.jpg,Cuther,../../img/prophotographer/domestic/pro_parkinsu.png,"Lorem ipsum dolor sit amet consectetur adipisicing elit. Culpa, error."
../../img/prophotographer/domestic/list_somedaygraphy.jpg,Ilin Geddaye,../../img/prophotographer/domestic/pro_seokyonglee.png,"Lorem ipsum dolor sit amet consectetur adipisicing elit. Culpa, error."
../../img/prophotographer/domestic/list_songchului.jpg,Cyne,../../img/prophotographer/domestic/pro_ShinJaeKuk.png,"Lorem ipsum dolor sit amet consectetur adipisicing elit. Culpa, error."
../../img/prophotographer/domestic/list_sonjail.jpg,Grithels,../../img/prophotographer/domestic/pro_somedaygraphy.png,"Lorem ipsum dolor sit amet consectetur adipisicing elit. Culpa, error."
../../img/prophotographer/domestic/list_yumhoyoung.jpg,Reder Bertson,../../img/prophotographer/domestic/pro_songchului.png,"Lorem ipsum dolor sit amet consectetur adipisicing elit. Culpa, error."
../../img/prophotographer/domestic/list-choihs.jpg,Geoffry,../../img/prophotographer/domestic/pro_sonjail.png,"Lorem ipsum dolor sit amet consectetur adipisicing elit. Culpa, error."
../../img/prophotographer/domestic/list-JoowonKim.jpg,Unnehrt,../../img/prophotographer/domestic/pro_yumhoyoung.png,"Lorem ipsum dolor sit amet consectetur adipisicing elit. Culpa, error."
../../img/prophotographer/domestic/list-JungRaeCho.jpg,Wearda,../../img/prophotographer/domestic/pro-choihs.png,"Lorem ipsum dolor sit amet consectetur adipisicing elit. Culpa, error."
../../img/prophotographer/domestic/list-KimHyunsoo.jpg,Gauwis,../../img/prophotographer/domestic/pro-JoowonKim.png,"Lorem ipsum dolor sit amet consectetur adipisicing elit. Culpa, error."
../../img/prophotographer/domestic/list-Leejeongyeol.jpg,Gylex,../../img/prophotographer/domestic/pro-JungRaeCho.png,"Lorem ipsum dolor sit amet consectetur adipisicing elit. Culpa, error."
../../img/prophotographer/domestic/list-Leemh.jpg,Raffin Stere,../../img/prophotographer/domestic/pro-Leejeongyeol.png,"Lorem ipsum dolor sit amet consectetur adipisicing elit. Culpa, error."
../../img/prophotographer/domestic/list-RayKay.jpg,Warder Folcey,../../img/prophotographer/domestic/pro-Leemh.png,"Lorem ipsum dolor sit amet consectetur adipisicing elit. Culpa, error."
../../img/prophotographer/domestic/list-Seo.jpg,Gery,../../img/prophotographer/domestic/pro-RayKay.png,"Lorem ipsum dolor sit amet consectetur adipisicing elit. Culpa, error."
../../img/prophotographer/domestic/list-ShinJaeKuk.jpg,Lacio,../../img/prophotographer/domestic/pro-Seo.png,"Lorem ipsum dolor sit amet consectetur adipisicing elit. Culpa, error."
../../img/prophotographer/domestic/list-StudioWonkyu.jpg,Wine,../../img/prophotographer/overseas/pro-Nick.png,"Lorem ipsum dolor sit amet consectetur adipisicing elit. Culpa, error."
