proImg,proTxt,proProfile,proFileImg,imgTxt
../../img/prophotographer/overseas/list-Ail.jpg,Sige,,../../img/prophotographer/overseas/pro-Ail.png,"Lorem ipsum dolor sit amet consectetur adipisicing elit. Culpa, error."
../../img/prophotographer/overseas/list-Alysius.jpg,Willeon Grardaye,,../../img/prophotographer/overseas/pro-Alysius.png,"Lorem ipsum dolor sit amet consectetur adipisicing elit. Culpa, error."
../../img/prophotographer/overseas/list-Andre.jpg,Gyles Elnnys,,../../img/prophotographer/overseas/pro-Andre.png,"Lorem ipsum dolor sit amet consectetur adipisicing elit. Culpa, error."
../../img/prophotographer/overseas/list-Ben.jpg,Ichol,,../../img/prophotographer/overseas/pro-Ben.png,"Lorem ipsum dolor sit amet consectetur adipisicing elit. Culpa, error."
../../img/prophotographer/overseas/list-Billy.jpg,Glothher,,../../img/prophotographer/overseas/pro-Billy.png,"Lorem ipsum dolor sit amet consectetur adipisicing elit. Culpa, error."
../../img/prophotographer/overseas/list-Bryan.jpg,Stephye,,../../img/prophotographer/overseas/pro-Bryan.png,"Lorem ipsum dolor sit amet consectetur adipisicing elit. Culpa, error."
../../img/prophotographer/overseas/list-Bryanvan.jpg,Aerehrt,,../../img/prophotographer/overseas/pro-Bryanvan.png,"Lorem ipsum dolor sit amet consectetur adipisicing elit. Culpa, error."
../../img/prophotographer/overseas/list-Bui.jpg,Gauwis,,../../img/prophotographer/overseas/pro-Bui.png,"Lorem ipsum dolor sit amet consectetur adipisicing elit. Culpa, error."
../../img/prophotographer/overseas/list-Cheng.jpg,Edic,,../../img/prophotographer/overseas/pro-Cheng.png,"Lorem ipsum dolor sit amet consectetur adipisicing elit. Culpa, error."
../../img/prophotographer/overseas/list-Conrad.jpg,Symes Byne,,../../img/prophotographer/overseas/pro-Conrad.png,"Lorem ipsum dolor sit amet consectetur adipisicing elit. Culpa, error."
../../img/prophotographer/overseas/list-Craig.jpg,Warder Masell,,../../img/prophotographer/overseas/pro-Craig.png,"Lorem ipsum dolor sit amet consectetur adipisicing elit. Culpa, error."
../../img/prophotographer/overseas/list-Daniel.jpg,Aelfweald,,../../img/prophotographer/overseas/pro-Daniel.png,"Lorem ipsum dolor sit amet consectetur adipisicing elit. Culpa, error."
../../img/prophotographer/overseas/list-Darren.jpg,Aerert,,../../img/prophotographer/overseas/pro-Darren.png,"Lorem ipsum dolor sit amet consectetur adipisicing elit. Culpa, error."
../../img/prophotographer/overseas/list-David.jpg,Wine,,../../img/prophotographer/overseas/pro-David.png,"Lorem ipsum dolor sit amet consectetur adipisicing elit. Culpa, error."
../../img/prophotographer/overseas/list-DB.jpg,Here,,../../img/prophotographer/overseas/pro-DB.png,"Lorem ipsum dolor sit amet consectetur adipisicing elit. Culpa, error."
../../img/prophotographer/overseas/list-Dheeraj.jpg,Narder Pary,,../../img/prophotographer/overseas/pro-Dheeraj.png,"Lorem ipsum dolor sit amet consectetur adipisicing elit. Culpa, error."
../../img/prophotographer/overseas/list-Diinesh.jpg,Cyne,,../../img/prophotographer/overseas/pro-Diinesh.png,"Lorem ipsum dolor sit amet consectetur adipisicing elit. Culpa, error."
../../img/prophotographer/overseas/list-Dow.jpg,Aerer,,../../img/prophotographer/overseas/pro-Dow.png,"Lorem ipsum dolor sit amet consectetur adipisicing elit. Culpa, error."
../../img/prophotographer/overseas/list-Dusit.jpg,Warder Rydaye,,../../img/prophotographer/overseas/pro-Dusit.png,"Lorem ipsum dolor sit amet consectetur adipisicing elit. Culpa, error."
../../img/prophotographer/overseas/list-Eddie.jpg,Gylex,,../../img/prophotographer/overseas/pro-Eddie.png,"Lorem ipsum dolor sit amet consectetur adipisicing elit. Culpa, error."
../../img/prophotographer/overseas/list-Eric.jpg,Bertio,,../../img/prophotographer/overseas/pro-Eric.png,"Lorem ipsum dolor sit amet consectetur adipisicing elit. Culpa, error."
../../img/prophotographer/overseas/list-Fajar.jpg,Eanrert,,../../img/prophotographer/overseas/pro-Fajar.png,"Lorem ipsum dolor sit amet consectetur adipisicing elit. Culpa, error."
../../img/prophotographer/overseas/list-Fakrul.jpg,Beorhtio,,../../img/prophotographer/overseas/pro-Fakrul.png,"Lorem ipsum dolor sit amet consectetur adipisicing elit. Culpa, error."
../../img/prophotographer/overseas/list-Gary.jpg,Cuther,,../../img/prophotographer/overseas/pro-Gary.png,"Lorem ipsum dolor sit amet consectetur adipisicing elit. Culpa, error."
../../img/prophotographer/overseas/list-Hoang.jpg,Ilin Geddaye,,../../img/prophotographer/overseas/pro-Hoang.png,"Lorem ipsum dolor sit amet consectetur adipisicing elit. Culpa, error."
../../img/prophotographer/overseas/list-Hussain.jpg,Cyne,,../../img/prophotographer/overseas/pro-Hussain.png,"Lorem ipsum dolor sit amet consectetur adipisicing elit. Culpa, error."
../../img/prophotographer/overseas/list-Jiggie.jpg,Grithels,,../../img/prophotographer/overseas/pro-Jiggie.png,"Lorem ipsum dolor sit amet consectetur adipisicing elit. Culpa, error."
../../img/prophotographer/overseas/list-Jonathan.jpg,Reder Bertson,,../../img/prophotographer/overseas/pro-Jonathan.png,"Lorem ipsum dolor sit amet consectetur adipisicing elit. Culpa, error."
../../img/prophotographer/overseas/list-Kelvin.jpg,Geoffry,,../../img/prophotographer/overseas/pro-Kelvin.png,"Lorem ipsum dolor sit amet consectetur adipisicing elit. Culpa, error."
../../img/prophotographer/overseas/list-Kriengkrai.jpg,Unnehrt,,../../img/prophotographer/overseas/pro-Kriengkrai.png,"Lorem ipsum dolor sit amet consectetur adipisicing elit. Culpa, error."
../../img/prophotographer/overseas/list-Leung.jpg,Wearda,,../../img/prophotographer/overseas/pro-Leung.png,"Lorem ipsum dolor sit amet consectetur adipisicing elit. Culpa, error."
../../img/prophotographer/overseas/list-Liang.jpg,Gauwis,,../../img/prophotographer/overseas/pro-Liang.png,"Lorem ipsum dolor sit amet consectetur adipisicing elit. Culpa, error."
../../img/prophotographer/overseas/list-Mark.jpg,Gylex,,../../img/prophotographer/overseas/pro-Mark.png,"Lorem ipsum dolor sit amet consectetur adipisicing elit. Culpa, error."
../../img/prophotographer/overseas/list-Nguyen.jpg,Raffin Stere,,../../img/prophotographer/overseas/pro-Nguyen.png,"Lorem ipsum dolor sit amet consectetur adipisicing elit. Culpa, error."
../../img/prophotographer/overseas/list-NguyenDoc.jpg,Warder Folcey,,../../img/prophotographer/overseas/pro-NguyenDoc.png,"Lorem ipsum dolor sit amet consectetur adipisicing elit. Culpa, error."
../../img/prophotographer/overseas/list-NguyenThanh.jpg,Gery,,../../img/prophotographer/overseas/pro-NguyenThanh.png,"Lorem ipsum dolor sit amet consectetur adipisicing elit. Culpa, error."
../../img/prophotographer/overseas/list-Nicholas.jpg,Lacio,,../../img/prophotographer/overseas/pro-Nicholas.png,"Lorem ipsum dolor sit amet consectetur adipisicing elit. Culpa, error."
../../img/prophotographer/overseas/list-Nick.jpg,Wine,,../../img/prophotographer/overseas/pro-Nick.png,"Lorem ipsum dolor sit amet consectetur adipisicing elit. Culpa, error."
../../img/prophotographer/overseas/list-Nicky.jpg,Adulf,,../../img/prophotographer/overseas/pro-Nicky.png,"Lorem ipsum dolor sit amet consectetur adipisicing elit. Culpa, error."
../../img/prophotographer/overseas/list-Po.jpg,Deorla,,../../img/prophotographer/overseas/pro-Po.png,"Lorem ipsum dolor sit amet consectetur adipisicing elit. Culpa, error."
../../img/prophotographer/overseas/list-Prakash.jpg,Ered,,../../img/prophotographer/overseas/pro-Prakash.png,"Lorem ipsum dolor sit amet consectetur adipisicing elit. Culpa, error."
../../img/prophotographer/overseas/list-Rosli.jpg,Aetsin,,../../img/prophotographer/overseas/pro-Rosli.png,"Lorem ipsum dolor sit amet consectetur adipisicing elit. Culpa, error."
../../img/prophotographer/overseas/list-Sam.jpg,Wilhye,,../../img/prophotographer/overseas/pro-Sam.png,"Lorem ipsum dolor sit amet consectetur adipisicing elit. Culpa, error."
../../img/prophotographer/overseas/list-Sarah.jpg,Asulf,,../../img/prophotographer/overseas/pro-Sarah.png,"Lorem ipsum dolor sit amet consectetur adipisicing elit. Culpa, error."
../../img/prophotographer/overseas/list-Sixpence.jpg,Ceolman,,../../img/prophotographer/overseas/pro-Sixpence.png,"Lorem ipsum dolor sit amet consectetur adipisicing elit. Culpa, error."
../../img/prophotographer/overseas/list-Stanley.jpg,Masym Moory,,../../img/prophotographer/overseas/pro-Stanley.png,"Lorem ipsum dolor sit amet consectetur adipisicing elit. Culpa, error."
../../img/prophotographer/overseas/list-Stefan.jpg,Drewyn,,../../img/prophotographer/overseas/pro-Stefan.png,"Lorem ipsum dolor sit amet consectetur adipisicing elit. Culpa, error."
../../img/prophotographer/overseas/list-Tavepong.jpg,Nichye,,../../img/prophotographer/overseas/pro-Tavepong.png,"Lorem ipsum dolor sit amet consectetur adipisicing elit. Culpa, error."
../../img/prophotographer/overseas/list-Tripeaksimagery.jpg,Vyncent,,../../img/prophotographer/overseas/pro-Tripeaksimagery.png,"Lorem ipsum dolor sit amet consectetur adipisicing elit. Culpa, error."
../../img/prophotographer/overseas/list-Urasha.jpg,Narder,,../../img/prophotographer/overseas/pro-Urasha.png,"Lorem ipsum dolor sit amet consectetur adipisicing elit. Culpa, error."
../../img/prophotographer/overseas/list-Vin.jpg,Aethed,,../../img/prophotographer/overseas/pro-Vin.png,"Lorem ipsum dolor sit amet consectetur adipisicing elit. Culpa, error."
../../img/prophotographer/overseas/list-Will.jpg,Roge,,../../img/prophotographer/overseas/pro-Willll.png,"Lorem ipsum dolor sit amet consectetur adipisicing elit. Culpa, error."
